Ward,Primary Type,Count
1,ARSON       ,213
1,ASSAULT     ,6403
1,BATTERY     ,17051
1,BURGLARY    ,9332
1,CONCEALED CARRY LICENSE VIOLATION   ,2
1,CRIM SEXUAL ASSAULT ,373
1,CRIMINAL DAMAGE     ,16023
1,CRIMINAL SEXUAL ASSAULT     ,61
1,CRIMINAL TRESPASS   ,3997
1,DECEPTIVE PRACTICE  ,6368
1,GAMBLING    ,37
1,HOMICIDE    ,117
1,INTERFERENCE WITH PUBLIC OFFICER    ,143
1,INTIMIDATION        ,67
1,KIDNAPPING  ,58
1,LIQUOR LAW VIOLATION        ,472
1,MOTOR VEHICLE THEFT ,6650
1,NARCOTICS   ,5012
1,NON - CRIMINAL      ,1
1,NON-CRIMINAL        ,3
1,OBSCENITY   ,16
1,OFFENSE INVOLVING CHILDREN  ,512
1,OTHER NARCOTIC VIOLATION    ,6
1,OTHER OFFENSE       ,5448
1,PROSTITUTION        ,1072
1,PUBLIC INDECENCY    ,2
1,PUBLIC PEACE VIOLATION      ,599
1,ROBBERY     ,4810
1,SEX OFFENSE ,495
1,STALKING    ,67
1,THEFT       ,44478
1,WEAPONS VIOLATION   ,816
10,ARSON      ,297
10,ASSAULT    ,9894
10,BATTERY    ,23127
10,BURGLARY   ,7265
10,CONCEALED CARRY LICENSE VIOLATION  ,11
10,CRIM SEXUAL ASSAULT        ,420
10,CRIMINAL DAMAGE    ,18049
10,CRIMINAL SEXUAL ASSAULT    ,55
10,CRIMINAL TRESPASS  ,2937
10,DECEPTIVE PRACTICE ,3744
10,GAMBLING   ,101
10,HOMICIDE   ,199
10,HUMAN TRAFFICKING  ,2
10,INTERFERENCE WITH PUBLIC OFFICER   ,311
10,INTIMIDATION       ,109
10,KIDNAPPING ,179
10,LIQUOR LAW VIOLATION       ,253
10,MOTOR VEHICLE THEFT        ,4623
10,NARCOTICS  ,9035
10,NON - CRIMINAL     ,1
10,NON-CRIMINAL       ,3
10,OBSCENITY  ,10
10,OFFENSE INVOLVING CHILDREN ,1524
10,OTHER NARCOTIC VIOLATION   ,2
10,OTHER OFFENSE      ,8387
10,PROSTITUTION       ,301
10,PUBLIC PEACE VIOLATION     ,1018
10,RITUALISM  ,1
10,ROBBERY    ,3097
10,SEX OFFENSE        ,451
10,STALKING   ,97
10,THEFT      ,18438
10,WEAPONS VIOLATION  ,2066
11,ARSON      ,217
11,ASSAULT    ,6410
11,BATTERY    ,14814
11,BURGLARY   ,6286
11,CONCEALED CARRY LICENSE VIOLATION  ,8
11,CRIM SEXUAL ASSAULT        ,260
11,CRIMINAL DAMAGE    ,14727
11,CRIMINAL SEXUAL ASSAULT    ,41
11,CRIMINAL TRESPASS  ,2330
11,DECEPTIVE PRACTICE ,4402
11,GAMBLING   ,44
11,HOMICIDE   ,88
11,HUMAN TRAFFICKING  ,1
11,INTERFERENCE WITH PUBLIC OFFICER   ,158
11,INTIMIDATION       ,85
11,KIDNAPPING ,70
11,LIQUOR LAW VIOLATION       ,268
11,MOTOR VEHICLE THEFT        ,5031
11,NARCOTICS  ,4614
11,NON - CRIMINAL     ,2
11,NON-CRIMINAL       ,3
11,NON-CRIMINAL (SUBJECT SPECIFIED)   ,1
11,OBSCENITY  ,14
11,OFFENSE INVOLVING CHILDREN ,579
11,OTHER OFFENSE      ,5851
11,PROSTITUTION       ,422
11,PUBLIC INDECENCY   ,2
11,PUBLIC PEACE VIOLATION     ,784
11,ROBBERY    ,2449
11,SEX OFFENSE        ,417
11,STALKING   ,60
11,THEFT      ,21823
11,WEAPONS VIOLATION  ,787
12,ARSON      ,231
12,ASSAULT    ,5387
12,BATTERY    ,15585
12,BURGLARY   ,4551
12,CONCEALED CARRY LICENSE VIOLATION  ,10
12,CRIM SEXUAL ASSAULT        ,342
12,CRIMINAL DAMAGE    ,10784
12,CRIMINAL SEXUAL ASSAULT    ,58
12,CRIMINAL TRESPASS  ,1424
12,DECEPTIVE PRACTICE ,2620
12,GAMBLING   ,22
12,HOMICIDE   ,188
12,HUMAN TRAFFICKING  ,2
12,INTERFERENCE WITH PUBLIC OFFICER   ,212
12,INTIMIDATION       ,115
12,KIDNAPPING ,72
12,LIQUOR LAW VIOLATION       ,322
12,MOTOR VEHICLE THEFT        ,5602
12,NARCOTICS  ,5879
12,NON - CRIMINAL     ,1
12,NON-CRIMINAL       ,2
12,OBSCENITY  ,12
12,OFFENSE INVOLVING CHILDREN ,881
12,OTHER OFFENSE      ,5519
12,PROSTITUTION       ,941
12,PUBLIC INDECENCY   ,3
12,PUBLIC PEACE VIOLATION     ,1230
12,ROBBERY    ,2486
12,SEX OFFENSE        ,528
12,STALKING   ,48
12,THEFT      ,16637
12,WEAPONS VIOLATION  ,1429
13,ARSON      ,193
13,ASSAULT    ,4640
13,BATTERY    ,12022
13,BURGLARY   ,6512
13,CONCEALED CARRY LICENSE VIOLATION  ,47
13,CRIM SEXUAL ASSAULT        ,260
13,CRIMINAL DAMAGE    ,14519
13,CRIMINAL SEXUAL ASSAULT    ,33
13,CRIMINAL TRESPASS  ,1283
13,DECEPTIVE PRACTICE ,4120
13,GAMBLING   ,47
13,HOMICIDE   ,67
13,INTERFERENCE WITH PUBLIC OFFICER   ,86
13,INTIMIDATION       ,53
13,KIDNAPPING ,109
13,LIQUOR LAW VIOLATION       ,144
13,MOTOR VEHICLE THEFT        ,4527
13,NARCOTICS  ,3305
13,NON - CRIMINAL     ,1
13,NON-CRIMINAL       ,1
13,NON-CRIMINAL (SUBJECT SPECIFIED)   ,1
13,OBSCENITY  ,18
13,OFFENSE INVOLVING CHILDREN ,869
13,OTHER NARCOTIC VIOLATION   ,1
13,OTHER OFFENSE      ,5959
13,PROSTITUTION       ,45
13,PUBLIC INDECENCY   ,2
13,PUBLIC PEACE VIOLATION     ,608
13,ROBBERY    ,2577
13,SEX OFFENSE        ,428
13,STALKING   ,52
13,THEFT      ,21525
13,WEAPONS VIOLATION  ,613
14,ARSON      ,289
14,ASSAULT    ,5230
14,BATTERY    ,15071
14,BURGLARY   ,6601
14,CONCEALED CARRY LICENSE VIOLATION  ,8
14,CRIM SEXUAL ASSAULT        ,348
14,CRIMINAL DAMAGE    ,13634
14,CRIMINAL SEXUAL ASSAULT    ,54
14,CRIMINAL TRESPASS  ,1441
14,DECEPTIVE PRACTICE ,3037
14,GAMBLING   ,22
14,HOMICIDE   ,178
14,INTERFERENCE WITH PUBLIC OFFICER   ,157
14,INTIMIDATION       ,81
14,KIDNAPPING ,112
14,LIQUOR LAW VIOLATION       ,253
14,MOTOR VEHICLE THEFT        ,6221
14,NARCOTICS  ,6673
14,NON - CRIMINAL     ,1
14,NON-CRIMINAL       ,1
14,OBSCENITY  ,21
14,OFFENSE INVOLVING CHILDREN ,926
14,OTHER NARCOTIC VIOLATION   ,1
14,OTHER OFFENSE      ,5444
14,PROSTITUTION       ,1924
14,PUBLIC INDECENCY   ,4
14,PUBLIC PEACE VIOLATION     ,1154
14,ROBBERY    ,3451
14,SEX OFFENSE        ,577
14,STALKING   ,50
14,THEFT      ,17633
14,WEAPONS VIOLATION  ,1281
15,ARSON      ,435
15,ASSAULT    ,13277
15,BATTERY    ,39628
15,BURGLARY   ,12126
15,CONCEALED CARRY LICENSE VIOLATION  ,13
15,CRIM SEXUAL ASSAULT        ,804
15,CRIMINAL DAMAGE    ,21696
15,CRIMINAL SEXUAL ASSAULT    ,63
15,CRIMINAL TRESPASS  ,3663
15,DECEPTIVE PRACTICE ,4416
15,GAMBLING   ,649
15,HOMICIDE   ,367
15,HUMAN TRAFFICKING  ,1
15,INTERFERENCE WITH PUBLIC OFFICER   ,560
15,INTIMIDATION       ,69
15,KIDNAPPING ,172
15,LIQUOR LAW VIOLATION       ,202
15,MOTOR VEHICLE THEFT        ,8081
15,NARCOTICS  ,21131
15,NON - CRIMINAL     ,3
15,NON-CRIMINAL       ,4
15,OBSCENITY  ,16
15,OFFENSE INVOLVING CHILDREN ,1554
15,OTHER OFFENSE      ,10804
15,PROSTITUTION       ,1657
15,PUBLIC INDECENCY   ,2
15,PUBLIC PEACE VIOLATION     ,1562
15,ROBBERY    ,7884
15,SEX OFFENSE        ,681
15,STALKING   ,66
15,THEFT      ,25697
15,WEAPONS VIOLATION  ,3335
16,ARSON      ,478
16,ASSAULT    ,14815
16,BATTERY    ,44759
16,BURGLARY   ,12027
16,CONCEALED CARRY LICENSE VIOLATION  ,34
16,CRIM SEXUAL ASSAULT        ,794
16,CRIMINAL DAMAGE    ,22231
16,CRIMINAL SEXUAL ASSAULT    ,139
16,CRIMINAL TRESPASS  ,4265
16,DECEPTIVE PRACTICE ,4191
16,GAMBLING   ,737
16,HOMICIDE   ,544
16,HUMAN TRAFFICKING  ,4
16,INTERFERENCE WITH PUBLIC OFFICER   ,746
16,INTIMIDATION       ,121
16,KIDNAPPING ,162
16,LIQUOR LAW VIOLATION       ,255
16,MOTOR VEHICLE THEFT        ,8031
16,NARCOTICS  ,28499
16,NON - CRIMINAL     ,2
16,NON-CRIMINAL       ,4
16,NON-CRIMINAL (SUBJECT SPECIFIED)   ,1
16,OBSCENITY  ,13
16,OFFENSE INVOLVING CHILDREN ,1588
16,OTHER OFFENSE      ,11151
16,PROSTITUTION       ,2056
16,PUBLIC INDECENCY   ,1
16,PUBLIC PEACE VIOLATION     ,1782
16,ROBBERY    ,7727
16,SEX OFFENSE        ,667
16,STALKING   ,67
16,THEFT      ,25213
16,WEAPONS VIOLATION  ,4327
17,ARSON      ,430
17,ASSAULT    ,18044
17,BATTERY    ,53852
17,BURGLARY   ,14239
17,CONCEALED CARRY LICENSE VIOLATION  ,39
17,CRIM SEXUAL ASSAULT        ,1023
17,CRIMINAL DAMAGE    ,26014
17,CRIMINAL SEXUAL ASSAULT    ,115
17,CRIMINAL TRESPASS  ,5238
17,DECEPTIVE PRACTICE ,6156
17,GAMBLING   ,783
17,HOMICIDE   ,485
17,HUMAN TRAFFICKING  ,3
17,INTERFERENCE WITH PUBLIC OFFICER   ,909
17,INTIMIDATION       ,120
17,KIDNAPPING ,192
17,LIQUOR LAW VIOLATION       ,239
17,MOTOR VEHICLE THEFT        ,9825
17,NARCOTICS  ,23655
17,NON-CRIMINAL       ,2
17,OBSCENITY  ,18
17,OFFENSE INVOLVING CHILDREN ,1899
17,OTHER OFFENSE      ,14030
17,PROSTITUTION       ,1686
17,PUBLIC INDECENCY   ,4
17,PUBLIC PEACE VIOLATION     ,1447
17,RITUALISM  ,1
17,ROBBERY    ,9782
17,SEX OFFENSE        ,700
17,STALKING   ,124
17,THEFT      ,31213
17,WEAPONS VIOLATION  ,5102
18,ARSON      ,184
18,ASSAULT    ,7965
18,BATTERY    ,20520
18,BURGLARY   ,9535
18,CONCEALED CARRY LICENSE VIOLATION  ,3
18,CRIM SEXUAL ASSAULT        ,449
18,CRIMINAL DAMAGE    ,16182
18,CRIMINAL SEXUAL ASSAULT    ,51
18,CRIMINAL TRESPASS  ,2430
18,DECEPTIVE PRACTICE ,4834
18,GAMBLING   ,171
18,HOMICIDE   ,201
18,HUMAN TRAFFICKING  ,1
18,INTERFERENCE WITH PUBLIC OFFICER   ,207
18,INTIMIDATION       ,59
18,KIDNAPPING ,139
18,LIQUOR LAW VIOLATION       ,111
18,MOTOR VEHICLE THEFT        ,6269
18,NARCOTICS  ,6745
18,NON - CRIMINAL     ,4
18,NON-CRIMINAL       ,3
18,OBSCENITY  ,23
18,OFFENSE INVOLVING CHILDREN ,1120
18,OTHER NARCOTIC VIOLATION   ,1
18,OTHER OFFENSE      ,8362
18,PROSTITUTION       ,176
18,PUBLIC PEACE VIOLATION     ,805
18,ROBBERY    ,4987
18,SEX OFFENSE        ,392
18,STALKING   ,70
18,THEFT      ,19900
18,WEAPONS VIOLATION  ,1456
19,ARSON      ,67
19,ASSAULT    ,3843
19,BATTERY    ,8512
19,BURGLARY   ,4116
19,CONCEALED CARRY LICENSE VIOLATION  ,4
19,CRIM SEXUAL ASSAULT        ,174
19,CRIMINAL DAMAGE    ,8635
19,CRIMINAL SEXUAL ASSAULT    ,19
19,CRIMINAL TRESPASS  ,1673
19,DECEPTIVE PRACTICE ,4732
19,GAMBLING   ,20
19,HOMICIDE   ,36
19,INTERFERENCE WITH PUBLIC OFFICER   ,87
19,INTIMIDATION       ,55
19,KIDNAPPING ,212
19,LIQUOR LAW VIOLATION       ,189
19,MOTOR VEHICLE THEFT        ,2294
19,NARCOTICS  ,1984
19,NON-CRIMINAL       ,2
19,OBSCENITY  ,14
19,OFFENSE INVOLVING CHILDREN ,889
19,OTHER NARCOTIC VIOLATION   ,1
19,OTHER OFFENSE      ,5591
19,PROSTITUTION       ,11
19,PUBLIC INDECENCY   ,1
19,PUBLIC PEACE VIOLATION     ,425
19,ROBBERY    ,1450
19,SEX OFFENSE        ,269
19,STALKING   ,60
19,THEFT      ,14874
19,WEAPONS VIOLATION  ,340
2,ARSON       ,156
2,ASSAULT     ,13719
2,BATTERY     ,36201
2,BURGLARY    ,6853
2,CONCEALED CARRY LICENSE VIOLATION   ,10
2,CRIM SEXUAL ASSAULT ,773
2,CRIMINAL DAMAGE     ,19971
2,CRIMINAL SEXUAL ASSAULT     ,92
2,CRIMINAL TRESPASS   ,13759
2,DECEPTIVE PRACTICE  ,15099
2,GAMBLING    ,369
2,HOMICIDE    ,220
2,HUMAN TRAFFICKING   ,9
2,INTERFERENCE WITH PUBLIC OFFICER    ,375
2,INTIMIDATION        ,154
2,KIDNAPPING  ,110
2,LIQUOR LAW VIOLATION        ,311
2,MOTOR VEHICLE THEFT ,9574
2,NARCOTICS   ,23842
2,NON - CRIMINAL      ,1
2,NON-CRIMINAL        ,10
2,OBSCENITY   ,23
2,OFFENSE INVOLVING CHILDREN  ,1053
2,OTHER NARCOTIC VIOLATION    ,7
2,OTHER OFFENSE       ,12454
2,PROSTITUTION        ,4021
2,PUBLIC INDECENCY    ,11
2,PUBLIC PEACE VIOLATION      ,1893
2,ROBBERY     ,8396
2,SEX OFFENSE ,927
2,STALKING    ,146
2,THEFT       ,77537
2,WEAPONS VIOLATION   ,1461
20,ARSON      ,359
20,ASSAULT    ,17094
20,BATTERY    ,51809
20,BURGLARY   ,13114
20,CONCEALED CARRY LICENSE VIOLATION  ,14
20,CRIM SEXUAL ASSAULT        ,1074
20,CRIMINAL DAMAGE    ,24804
20,CRIMINAL SEXUAL ASSAULT    ,128
20,CRIMINAL TRESPASS  ,9077
20,DECEPTIVE PRACTICE ,5642
20,GAMBLING   ,731
20,HOMICIDE   ,540
20,HUMAN TRAFFICKING  ,4
20,INTERFERENCE WITH PUBLIC OFFICER   ,708
20,INTIMIDATION       ,118
20,KIDNAPPING ,197
20,LIQUOR LAW VIOLATION       ,239
20,MOTOR VEHICLE THEFT        ,9391
20,NARCOTICS  ,23761
20,OBSCENITY  ,22
20,OFFENSE INVOLVING CHILDREN ,1925
20,OTHER NARCOTIC VIOLATION   ,1
20,OTHER OFFENSE      ,14373
20,PROSTITUTION       ,2274
20,PUBLIC INDECENCY   ,3
20,PUBLIC PEACE VIOLATION     ,1636
20,RITUALISM  ,1
20,ROBBERY    ,10106
20,SEX OFFENSE        ,830
20,STALKING   ,117
20,THEFT      ,30481
20,WEAPONS VIOLATION  ,3985
21,ARSON      ,282
21,ASSAULT    ,14678
21,BATTERY    ,39445
21,BURGLARY   ,11500
21,CONCEALED CARRY LICENSE VIOLATION  ,21
21,CRIM SEXUAL ASSAULT        ,809
21,CRIMINAL DAMAGE    ,23058
21,CRIMINAL SEXUAL ASSAULT    ,100
21,CRIMINAL TRESPASS  ,5657
21,DECEPTIVE PRACTICE ,8847
21,GAMBLING   ,448
21,HOMICIDE   ,409
21,HUMAN TRAFFICKING  ,2
21,INTERFERENCE WITH PUBLIC OFFICER   ,633
21,INTIMIDATION       ,88
21,KIDNAPPING ,238
21,LIQUOR LAW VIOLATION       ,170
21,MOTOR VEHICLE THEFT        ,10229
21,NARCOTICS  ,19711
21,NON-CRIMINAL       ,2
21,OBSCENITY  ,12
21,OFFENSE INVOLVING CHILDREN ,1784
21,OTHER NARCOTIC VIOLATION   ,1
21,OTHER OFFENSE      ,13262
21,PROSTITUTION       ,528
21,PUBLIC INDECENCY   ,5
21,PUBLIC PEACE VIOLATION     ,1261
21,RITUALISM  ,1
21,ROBBERY    ,9277
21,SEX OFFENSE        ,643
21,STALKING   ,128
21,THEFT      ,39907
21,WEAPONS VIOLATION  ,3459
22,ARSON      ,238
22,ASSAULT    ,5531
22,BATTERY    ,16203
22,BURGLARY   ,3636
22,CONCEALED CARRY LICENSE VIOLATION  ,12
22,CRIM SEXUAL ASSAULT        ,342
22,CRIMINAL DAMAGE    ,9463
22,CRIMINAL SEXUAL ASSAULT    ,62
22,CRIMINAL TRESPASS  ,1140
22,DECEPTIVE PRACTICE ,2147
22,GAMBLING   ,59
22,HOMICIDE   ,260
22,INTERFERENCE WITH PUBLIC OFFICER   ,142
22,INTIMIDATION       ,67
22,KIDNAPPING ,79
22,LIQUOR LAW VIOLATION       ,541
22,MOTOR VEHICLE THEFT        ,5022
22,NARCOTICS  ,7171
22,NON-CRIMINAL       ,2
22,OBSCENITY  ,14
22,OFFENSE INVOLVING CHILDREN ,850
22,OTHER OFFENSE      ,6292
22,PROSTITUTION       ,390
22,PUBLIC INDECENCY   ,3
22,PUBLIC PEACE VIOLATION     ,1719
22,ROBBERY    ,3559
22,SEX OFFENSE        ,477
22,STALKING   ,52
22,THEFT      ,12521
22,WEAPONS VIOLATION  ,1456
23,ARSON      ,179
23,ASSAULT    ,4826
23,BATTERY    ,12068
23,BURGLARY   ,6350
23,CONCEALED CARRY LICENSE VIOLATION  ,67
23,CRIM SEXUAL ASSAULT        ,271
23,CRIMINAL DAMAGE    ,14376
23,CRIMINAL SEXUAL ASSAULT    ,41
23,CRIMINAL TRESPASS  ,1947
23,DECEPTIVE PRACTICE ,5464
23,GAMBLING   ,52
23,HOMICIDE   ,85
23,INTERFERENCE WITH PUBLIC OFFICER   ,113
23,INTIMIDATION       ,49
23,KIDNAPPING ,94
23,LIQUOR LAW VIOLATION       ,160
23,MOTOR VEHICLE THEFT        ,4516
23,NARCOTICS  ,4681
23,NON - CRIMINAL     ,1
23,NON-CRIMINAL       ,6
23,OBSCENITY  ,12
23,OFFENSE INVOLVING CHILDREN ,692
23,OTHER NARCOTIC VIOLATION   ,1
23,OTHER OFFENSE      ,5748
23,PROSTITUTION       ,3031
23,PUBLIC INDECENCY   ,5
23,PUBLIC PEACE VIOLATION     ,646
23,ROBBERY    ,2353
23,SEX OFFENSE        ,394
23,STALKING   ,58
23,THEFT      ,18294
23,WEAPONS VIOLATION  ,804
24,ARSON      ,494
24,ASSAULT    ,17126
24,BATTERY    ,56587
24,BURGLARY   ,9663
24,CONCEALED CARRY LICENSE VIOLATION  ,46
24,CRIM SEXUAL ASSAULT        ,971
24,CRIMINAL DAMAGE    ,24700
24,CRIMINAL SEXUAL ASSAULT    ,151
24,CRIMINAL TRESPASS  ,4994
24,DECEPTIVE PRACTICE ,5829
24,GAMBLING   ,1239
24,HOMICIDE   ,689
24,HUMAN TRAFFICKING  ,3
24,INTERFERENCE WITH PUBLIC OFFICER   ,996
24,INTIMIDATION       ,135
24,KIDNAPPING ,160
24,LIQUOR LAW VIOLATION       ,330
24,MOTOR VEHICLE THEFT        ,10399
24,NARCOTICS  ,62634
24,NON - CRIMINAL     ,4
24,NON-CRIMINAL       ,4
24,NON-CRIMINAL (SUBJECT SPECIFIED)   ,1
24,OBSCENITY  ,20
24,OFFENSE INVOLVING CHILDREN ,1650
24,OTHER NARCOTIC VIOLATION   ,1
24,OTHER OFFENSE      ,14275
24,PROSTITUTION       ,4876
24,PUBLIC INDECENCY   ,4
24,PUBLIC PEACE VIOLATION     ,1851
24,RITUALISM  ,1
24,ROBBERY    ,12045
24,SEX OFFENSE        ,761
24,STALKING   ,124
24,THEFT      ,31582
24,WEAPONS VIOLATION  ,5284
25,ARSON      ,187
25,ASSAULT    ,6516
25,BATTERY    ,15516
25,BURGLARY   ,4807
25,CONCEALED CARRY LICENSE VIOLATION  ,12
25,CRIM SEXUAL ASSAULT        ,320
25,CRIMINAL DAMAGE    ,12810
25,CRIMINAL SEXUAL ASSAULT    ,89
25,CRIMINAL TRESPASS  ,2326
25,DECEPTIVE PRACTICE ,4531
25,GAMBLING   ,97
25,HOMICIDE   ,174
25,HUMAN TRAFFICKING  ,1
25,INTERFERENCE WITH PUBLIC OFFICER   ,147
25,INTIMIDATION       ,80
25,KIDNAPPING ,50
25,LIQUOR LAW VIOLATION       ,443
25,MOTOR VEHICLE THEFT        ,5587
25,NARCOTICS  ,5146
25,NON - CRIMINAL     ,1
25,NON-CRIMINAL       ,4
25,OBSCENITY  ,12
25,OFFENSE INVOLVING CHILDREN ,653
25,OTHER NARCOTIC VIOLATION   ,3
25,OTHER OFFENSE      ,5286
25,PROSTITUTION       ,626
25,PUBLIC INDECENCY   ,3
25,PUBLIC PEACE VIOLATION     ,1179
25,ROBBERY    ,3454
25,SEX OFFENSE        ,471
25,STALKING   ,78
25,THEFT      ,24962
25,WEAPONS VIOLATION  ,1151
26,ARSON      ,327
26,ASSAULT    ,8144
26,BATTERY    ,22318
26,BURGLARY   ,7368
26,CONCEALED CARRY LICENSE VIOLATION  ,6
26,CRIM SEXUAL ASSAULT        ,440
26,CRIMINAL DAMAGE    ,13865
26,CRIMINAL SEXUAL ASSAULT    ,77
26,CRIMINAL TRESPASS  ,2753
26,DECEPTIVE PRACTICE ,3398
26,GAMBLING   ,97
26,HOMICIDE   ,161
26,HUMAN TRAFFICKING  ,1
26,INTERFERENCE WITH PUBLIC OFFICER   ,255
26,INTIMIDATION       ,73
26,KIDNAPPING ,93
26,LIQUOR LAW VIOLATION       ,395
26,MOTOR VEHICLE THEFT        ,6217
26,NARCOTICS  ,12053
26,NON-CRIMINAL       ,2
26,OBSCENITY  ,11
26,OFFENSE INVOLVING CHILDREN ,994
26,OTHER NARCOTIC VIOLATION   ,5
26,OTHER OFFENSE      ,7262
26,PROSTITUTION       ,1795
26,PUBLIC INDECENCY   ,2
26,PUBLIC PEACE VIOLATION     ,978
26,RITUALISM  ,1
26,ROBBERY    ,4066
26,SEX OFFENSE        ,532
26,STALKING   ,62
26,THEFT      ,20794
26,WEAPONS VIOLATION  ,1475
27,ARSON      ,346
27,ASSAULT    ,13516
27,BATTERY    ,43221
27,BURGLARY   ,8540
27,CONCEALED CARRY LICENSE VIOLATION  ,12
27,CRIM SEXUAL ASSAULT        ,696
27,CRIMINAL DAMAGE    ,24040
27,CRIMINAL SEXUAL ASSAULT    ,159
27,CRIMINAL TRESPASS  ,11206
27,DECEPTIVE PRACTICE ,8548
27,GAMBLING   ,979
27,HOMICIDE   ,474
27,HUMAN TRAFFICKING  ,2
27,INTERFERENCE WITH PUBLIC OFFICER   ,761
27,INTIMIDATION       ,108
27,KIDNAPPING ,129
27,LIQUOR LAW VIOLATION       ,452
27,MOTOR VEHICLE THEFT        ,10367
27,NARCOTICS  ,46785
27,NON - CRIMINAL     ,1
27,NON-CRIMINAL       ,4
27,NON-CRIMINAL (SUBJECT SPECIFIED)   ,1
27,OBSCENITY  ,19
27,OFFENSE INVOLVING CHILDREN ,1288
27,OTHER NARCOTIC VIOLATION   ,4
27,OTHER OFFENSE      ,10869
27,PROSTITUTION       ,863
27,PUBLIC INDECENCY   ,2
27,PUBLIC PEACE VIOLATION     ,1272
27,ROBBERY    ,8229
27,SEX OFFENSE        ,663
27,STALKING   ,121
27,THEFT      ,57162
27,WEAPONS VIOLATION  ,2926
28,ARSON      ,487
28,ASSAULT    ,19520
28,BATTERY    ,64286
28,BURGLARY   ,9024
28,CONCEALED CARRY LICENSE VIOLATION  ,36
28,CRIM SEXUAL ASSAULT        ,1153
28,CRIMINAL DAMAGE    ,25552
28,CRIMINAL SEXUAL ASSAULT    ,171
28,CRIMINAL TRESPASS  ,6191
28,DECEPTIVE PRACTICE ,9044
28,GAMBLING   ,1660
28,HOMICIDE   ,772
28,HUMAN TRAFFICKING  ,5
28,INTERFERENCE WITH PUBLIC OFFICER   ,1322
28,INTIMIDATION       ,111
28,KIDNAPPING ,201
28,LIQUOR LAW VIOLATION       ,413
28,MOTOR VEHICLE THEFT        ,11210
28,NARCOTICS  ,80300
28,OBSCENITY  ,19
28,OFFENSE INVOLVING CHILDREN ,1678
28,OTHER NARCOTIC VIOLATION   ,3
28,OTHER OFFENSE      ,15189
28,PROSTITUTION       ,7573
28,PUBLIC INDECENCY   ,3
28,PUBLIC PEACE VIOLATION     ,2087
28,RITUALISM  ,1
28,ROBBERY    ,13447
28,SEX OFFENSE        ,768
28,STALKING   ,112
28,THEFT      ,36190
28,WEAPONS VIOLATION  ,5459
29,ARSON      ,323
29,ASSAULT    ,11469
29,BATTERY    ,34781
29,BURGLARY   ,7536
29,CONCEALED CARRY LICENSE VIOLATION  ,11
29,CRIM SEXUAL ASSAULT        ,706
29,CRIMINAL DAMAGE    ,17126
29,CRIMINAL SEXUAL ASSAULT    ,125
29,CRIMINAL TRESPASS  ,3250
29,DECEPTIVE PRACTICE ,5251
29,GAMBLING   ,617
29,HOMICIDE   ,335
29,HUMAN TRAFFICKING  ,1
29,INTERFERENCE WITH PUBLIC OFFICER   ,584
29,INTIMIDATION       ,114
29,KIDNAPPING ,139
29,LIQUOR LAW VIOLATION       ,220
29,MOTOR VEHICLE THEFT        ,7478
29,NARCOTICS  ,23583
29,NON - CRIMINAL     ,1
29,NON-CRIMINAL       ,8
29,OBSCENITY  ,14
29,OFFENSE INVOLVING CHILDREN ,1324
29,OTHER NARCOTIC VIOLATION   ,3
29,OTHER OFFENSE      ,11195
29,PROSTITUTION       ,460
29,PUBLIC INDECENCY   ,4
29,PUBLIC PEACE VIOLATION     ,1128
29,ROBBERY    ,6583
29,SEX OFFENSE        ,561
29,STALKING   ,52
29,THEFT      ,21505
29,WEAPONS VIOLATION  ,2396
3,ARSON       ,228
3,ASSAULT     ,14853
3,BATTERY     ,43889
3,BURGLARY    ,7943
3,CONCEALED CARRY LICENSE VIOLATION   ,11
3,CRIM SEXUAL ASSAULT ,734
3,CRIMINAL DAMAGE     ,18840
3,CRIMINAL SEXUAL ASSAULT     ,117
3,CRIMINAL TRESPASS   ,14037
3,DECEPTIVE PRACTICE  ,7329
3,GAMBLING    ,482
3,HOMICIDE    ,415
3,HUMAN TRAFFICKING   ,3
3,INTERFERENCE WITH PUBLIC OFFICER    ,566
3,INTIMIDATION        ,141
3,KIDNAPPING  ,142
3,LIQUOR LAW VIOLATION        ,218
3,MOTOR VEHICLE THEFT ,8296
3,NARCOTICS   ,27476
3,NON - CRIMINAL      ,2
3,NON-CRIMINAL        ,4
3,NON-CRIMINAL (SUBJECT SPECIFIED)    ,1
3,OBSCENITY   ,28
3,OFFENSE INVOLVING CHILDREN  ,1291
3,OTHER NARCOTIC VIOLATION    ,3
3,OTHER OFFENSE       ,11347
3,PROSTITUTION        ,3126
3,PUBLIC INDECENCY    ,7
3,PUBLIC PEACE VIOLATION      ,1044
3,ROBBERY     ,8849
3,SEX OFFENSE ,642
3,STALKING    ,120
3,THEFT       ,32968
3,WEAPONS VIOLATION   ,2803
30,ARSON      ,293
30,ASSAULT    ,5786
30,BATTERY    ,16815
30,BURGLARY   ,6585
30,CONCEALED CARRY LICENSE VIOLATION  ,3
30,CRIM SEXUAL ASSAULT        ,357
30,CRIMINAL DAMAGE    ,11789
30,CRIMINAL SEXUAL ASSAULT    ,47
30,CRIMINAL TRESPASS  ,1864
30,DECEPTIVE PRACTICE ,3324
30,GAMBLING   ,40
30,HOMICIDE   ,103
30,INTERFERENCE WITH PUBLIC OFFICER   ,209
30,INTIMIDATION       ,57
30,KIDNAPPING ,115
30,LIQUOR LAW VIOLATION       ,284
30,MOTOR VEHICLE THEFT        ,6476
30,NARCOTICS  ,6497
30,NON-CRIMINAL       ,4
30,OBSCENITY  ,15
30,OFFENSE INVOLVING CHILDREN ,869
30,OTHER NARCOTIC VIOLATION   ,4
30,OTHER OFFENSE      ,6540
30,PROSTITUTION       ,2897
30,PUBLIC PEACE VIOLATION     ,711
30,ROBBERY    ,3812
30,SEX OFFENSE        ,481
30,STALKING   ,45
30,THEFT      ,16575
30,WEAPONS VIOLATION  ,1098
31,ARSON      ,307
31,ASSAULT    ,5717
31,BATTERY    ,16388
31,BURGLARY   ,7170
31,CONCEALED CARRY LICENSE VIOLATION  ,9
31,CRIM SEXUAL ASSAULT        ,367
31,CRIMINAL DAMAGE    ,12398
31,CRIMINAL SEXUAL ASSAULT    ,44
31,CRIMINAL TRESPASS  ,1574
31,DECEPTIVE PRACTICE ,3781
31,GAMBLING   ,24
31,HOMICIDE   ,94
31,INTERFERENCE WITH PUBLIC OFFICER   ,263
31,INTIMIDATION       ,50
31,KIDNAPPING ,117
31,LIQUOR LAW VIOLATION       ,211
31,MOTOR VEHICLE THEFT        ,7029
31,NARCOTICS  ,5810
31,NON-CRIMINAL       ,4
31,OBSCENITY  ,8
31,OFFENSE INVOLVING CHILDREN ,900
31,OTHER NARCOTIC VIOLATION   ,1
31,OTHER OFFENSE      ,7103
31,PROSTITUTION       ,1625
31,PUBLIC INDECENCY   ,2
31,PUBLIC PEACE VIOLATION     ,766
31,ROBBERY    ,3303
31,SEX OFFENSE        ,458
31,STALKING   ,49
31,THEFT      ,17436
31,WEAPONS VIOLATION  ,1085
32,ARSON      ,108
32,ASSAULT    ,3640
32,BATTERY    ,10278
32,BURGLARY   ,10458
32,CONCEALED CARRY LICENSE VIOLATION  ,2
32,CRIM SEXUAL ASSAULT        ,286
32,CRIMINAL DAMAGE    ,13687
32,CRIMINAL SEXUAL ASSAULT    ,35
32,CRIMINAL TRESPASS  ,2316
32,DECEPTIVE PRACTICE ,6935
32,GAMBLING   ,16
32,HOMICIDE   ,36
32,INTERFERENCE WITH PUBLIC OFFICER   ,92
32,INTIMIDATION       ,42
32,KIDNAPPING ,55
32,LIQUOR LAW VIOLATION       ,338
32,MOTOR VEHICLE THEFT        ,5909
32,NARCOTICS  ,1930
32,NON-CRIMINAL       ,1
32,OBSCENITY  ,15
32,OFFENSE INVOLVING CHILDREN ,298
32,OTHER NARCOTIC VIOLATION   ,2
32,OTHER OFFENSE      ,4095
32,PROSTITUTION       ,1821
32,PUBLIC INDECENCY   ,5
32,PUBLIC PEACE VIOLATION     ,368
32,ROBBERY    ,3357
32,SEX OFFENSE        ,372
32,STALKING   ,52
32,THEFT      ,47073
32,WEAPONS VIOLATION  ,285
33,ARSON      ,139
33,ASSAULT    ,3659
33,BATTERY    ,11805
33,BURGLARY   ,4771
33,CONCEALED CARRY LICENSE VIOLATION  ,3
33,CRIM SEXUAL ASSAULT        ,279
33,CRIMINAL DAMAGE    ,9866
33,CRIMINAL SEXUAL ASSAULT    ,48
33,CRIMINAL TRESPASS  ,1586
33,DECEPTIVE PRACTICE ,2958
33,GAMBLING   ,60
33,HOMICIDE   ,85
33,INTERFERENCE WITH PUBLIC OFFICER   ,108
33,INTIMIDATION       ,41
33,KIDNAPPING ,63
33,LIQUOR LAW VIOLATION       ,293
33,MOTOR VEHICLE THEFT        ,4400
33,NARCOTICS  ,3545
33,OBSCENITY  ,7
33,OFFENSE INVOLVING CHILDREN ,615
33,OTHER NARCOTIC VIOLATION   ,4
33,OTHER OFFENSE      ,4644
33,PROSTITUTION       ,483
33,PUBLIC INDECENCY   ,1
33,PUBLIC PEACE VIOLATION     ,578
33,ROBBERY    ,2351
33,SEX OFFENSE        ,434
33,STALKING   ,49
33,THEFT      ,14250
33,WEAPONS VIOLATION  ,574
34,ARSON      ,391
34,ASSAULT    ,15439
34,BATTERY    ,41368
34,BURGLARY   ,12764
34,CONCEALED CARRY LICENSE VIOLATION  ,19
34,CRIM SEXUAL ASSAULT        ,845
34,CRIMINAL DAMAGE    ,24537
34,CRIMINAL SEXUAL ASSAULT    ,94
34,CRIMINAL TRESPASS  ,4174
34,DECEPTIVE PRACTICE ,6010
34,GAMBLING   ,364
34,HOMICIDE   ,442
34,HUMAN TRAFFICKING  ,3
34,INTERFERENCE WITH PUBLIC OFFICER   ,631
34,INTIMIDATION       ,131
34,KIDNAPPING ,234
34,LIQUOR LAW VIOLATION       ,98
34,MOTOR VEHICLE THEFT        ,8216
34,NARCOTICS  ,20865
34,NON - CRIMINAL     ,1
34,OBSCENITY  ,10
34,OFFENSE INVOLVING CHILDREN ,1768
34,OTHER OFFENSE      ,13113
34,PROSTITUTION       ,634
34,PUBLIC INDECENCY   ,2
34,PUBLIC PEACE VIOLATION     ,1176
34,ROBBERY    ,7017
34,SEX OFFENSE        ,619
34,STALKING   ,88
34,THEFT      ,26988
34,WEAPONS VIOLATION  ,4207
35,ARSON      ,213
35,ASSAULT    ,5503
35,BATTERY    ,14690
35,BURGLARY   ,6680
35,CONCEALED CARRY LICENSE VIOLATION  ,3
35,CRIM SEXUAL ASSAULT        ,368
35,CRIMINAL DAMAGE    ,11400
35,CRIMINAL SEXUAL ASSAULT    ,70
35,CRIMINAL TRESPASS  ,1709
35,DECEPTIVE PRACTICE ,3683
35,GAMBLING   ,25
35,HOMICIDE   ,111
35,HUMAN TRAFFICKING  ,2
35,INTERFERENCE WITH PUBLIC OFFICER   ,128
35,INTIMIDATION       ,50
35,KIDNAPPING ,90
35,LIQUOR LAW VIOLATION       ,275
35,MOTOR VEHICLE THEFT        ,6017
35,NARCOTICS  ,4407
35,NON - CRIMINAL     ,1
35,NON-CRIMINAL       ,2
35,OBSCENITY  ,14
35,OFFENSE INVOLVING CHILDREN ,736
35,OTHER NARCOTIC VIOLATION   ,2
35,OTHER OFFENSE      ,5673
35,PROSTITUTION       ,538
35,PUBLIC INDECENCY   ,4
35,PUBLIC PEACE VIOLATION     ,552
35,ROBBERY    ,3711
35,SEX OFFENSE        ,480
35,STALKING   ,63
35,THEFT      ,21926
35,WEAPONS VIOLATION  ,700
36,ARSON      ,137
36,ASSAULT    ,4114
36,BATTERY    ,10651
36,BURGLARY   ,5563
36,CONCEALED CARRY LICENSE VIOLATION  ,7
36,CRIM SEXUAL ASSAULT        ,193
36,CRIMINAL DAMAGE    ,10906
36,CRIMINAL SEXUAL ASSAULT    ,47
36,CRIMINAL TRESPASS  ,1148
36,DECEPTIVE PRACTICE ,3862
36,GAMBLING   ,61
36,HOMICIDE   ,49
36,HUMAN TRAFFICKING  ,1
36,INTERFERENCE WITH PUBLIC OFFICER   ,85
36,INTIMIDATION       ,43
36,KIDNAPPING ,85
36,LIQUOR LAW VIOLATION       ,123
36,MOTOR VEHICLE THEFT        ,4141
36,NARCOTICS  ,2100
36,NON-CRIMINAL       ,1
36,OBSCENITY  ,10
36,OFFENSE INVOLVING CHILDREN ,603
36,OTHER NARCOTIC VIOLATION   ,2
36,OTHER OFFENSE      ,5890
36,PROSTITUTION       ,27
36,PUBLIC INDECENCY   ,2
36,PUBLIC PEACE VIOLATION     ,371
36,ROBBERY    ,1635
36,SEX OFFENSE        ,344
36,STALKING   ,27
36,THEFT      ,19030
36,WEAPONS VIOLATION  ,460
37,ARSON      ,409
37,ASSAULT    ,11955
37,BATTERY    ,37109
37,BURGLARY   ,8163
37,CONCEALED CARRY LICENSE VIOLATION  ,14
37,CRIM SEXUAL ASSAULT        ,715
37,CRIMINAL DAMAGE    ,17743
37,CRIMINAL SEXUAL ASSAULT    ,114
37,CRIMINAL TRESPASS  ,3203
37,DECEPTIVE PRACTICE ,5594
37,GAMBLING   ,801
37,HOMICIDE   ,458
37,HUMAN TRAFFICKING  ,2
37,INTERFERENCE WITH PUBLIC OFFICER   ,747
37,INTIMIDATION       ,81
37,KIDNAPPING ,149
37,LIQUOR LAW VIOLATION       ,263
37,MOTOR VEHICLE THEFT        ,8304
37,NARCOTICS  ,33217
37,NON-CRIMINAL (SUBJECT SPECIFIED)   ,1
37,OBSCENITY  ,12
37,OFFENSE INVOLVING CHILDREN ,1475
37,OTHER NARCOTIC VIOLATION   ,2
37,OTHER OFFENSE      ,11573
37,PROSTITUTION       ,2057
37,PUBLIC INDECENCY   ,3
37,PUBLIC PEACE VIOLATION     ,1135
37,RITUALISM  ,1
37,ROBBERY    ,7615
37,SEX OFFENSE        ,603
37,STALKING   ,71
37,THEFT      ,28197
37,WEAPONS VIOLATION  ,3232
38,ARSON      ,154
38,ASSAULT    ,4003
38,BATTERY    ,11164
38,BURGLARY   ,5166
38,CONCEALED CARRY LICENSE VIOLATION  ,2
38,CRIM SEXUAL ASSAULT        ,208
38,CRIMINAL DAMAGE    ,11215
38,CRIMINAL SEXUAL ASSAULT    ,18
38,CRIMINAL TRESPASS  ,1579
38,DECEPTIVE PRACTICE ,3624
38,GAMBLING   ,22
38,HOMICIDE   ,34
38,INTERFERENCE WITH PUBLIC OFFICER   ,108
38,INTIMIDATION       ,44
38,KIDNAPPING ,84
38,LIQUOR LAW VIOLATION       ,228
38,MOTOR VEHICLE THEFT        ,4355
38,NARCOTICS  ,3937
38,NON - CRIMINAL     ,1
38,NON-CRIMINAL       ,1
38,OBSCENITY  ,18
38,OFFENSE INVOLVING CHILDREN ,536
38,OTHER NARCOTIC VIOLATION   ,4
38,OTHER OFFENSE      ,6040
38,PROSTITUTION       ,136
38,PUBLIC INDECENCY   ,1
38,PUBLIC PEACE VIOLATION     ,568
38,ROBBERY    ,1578
38,SEX OFFENSE        ,349
38,STALKING   ,43
38,THEFT      ,15874
38,WEAPONS VIOLATION  ,412
39,ARSON      ,105
39,ASSAULT    ,3391
39,BATTERY    ,9850
39,BURGLARY   ,4964
39,CONCEALED CARRY LICENSE VIOLATION  ,2
39,CRIM SEXUAL ASSAULT        ,216
39,CRIMINAL DAMAGE    ,9476
39,CRIMINAL SEXUAL ASSAULT    ,33
39,CRIMINAL TRESPASS  ,1377
39,DECEPTIVE PRACTICE ,3264
39,GAMBLING   ,57
39,HOMICIDE   ,38
39,HUMAN TRAFFICKING  ,1
39,INTERFERENCE WITH PUBLIC OFFICER   ,93
39,INTIMIDATION       ,49
39,KIDNAPPING ,69
39,LIQUOR LAW VIOLATION       ,189
39,MOTOR VEHICLE THEFT        ,3716
39,NARCOTICS  ,2831
39,NON-CRIMINAL       ,6
39,OBSCENITY  ,9
39,OFFENSE INVOLVING CHILDREN ,469
39,OTHER NARCOTIC VIOLATION   ,10
39,OTHER OFFENSE      ,4574
39,PROSTITUTION       ,163
39,PUBLIC PEACE VIOLATION     ,449
39,ROBBERY    ,1807
39,SEX OFFENSE        ,390
39,STALKING   ,37
39,THEFT      ,15716
39,WEAPONS VIOLATION  ,403
4,ARSON       ,110
4,ASSAULT     ,9348
4,BATTERY     ,24228
4,BURGLARY    ,6466
4,CONCEALED CARRY LICENSE VIOLATION   ,8
4,CRIM SEXUAL ASSAULT ,488
4,CRIMINAL DAMAGE     ,13347
4,CRIMINAL SEXUAL ASSAULT     ,113
4,CRIMINAL TRESPASS   ,4812
4,DECEPTIVE PRACTICE  ,6709
4,GAMBLING    ,230
4,HOMICIDE    ,146
4,HUMAN TRAFFICKING   ,1
4,INTERFERENCE WITH PUBLIC OFFICER    ,169
4,INTIMIDATION        ,71
4,KIDNAPPING  ,89
4,LIQUOR LAW VIOLATION        ,51
4,MOTOR VEHICLE THEFT ,5922
4,NARCOTICS   ,10037
4,NON-CRIMINAL        ,2
4,OBSCENITY   ,19
4,OFFENSE INVOLVING CHILDREN  ,913
4,OTHER OFFENSE       ,9023
4,PROSTITUTION        ,48
4,PUBLIC INDECENCY    ,4
4,PUBLIC PEACE VIOLATION      ,555
4,ROBBERY     ,5538
4,SEX OFFENSE ,441
4,STALKING    ,86
4,THEFT       ,31695
4,WEAPONS VIOLATION   ,1148
40,ARSON      ,73
40,ASSAULT    ,4090
40,BATTERY    ,11902
40,BURGLARY   ,4629
40,CONCEALED CARRY LICENSE VIOLATION  ,1
40,CRIM SEXUAL ASSAULT        ,266
40,CRIMINAL DAMAGE    ,10206
40,CRIMINAL SEXUAL ASSAULT    ,66
40,CRIMINAL TRESPASS  ,1926
40,DECEPTIVE PRACTICE ,4162
40,GAMBLING   ,95
40,HOMICIDE   ,34
40,INTERFERENCE WITH PUBLIC OFFICER   ,131
40,INTIMIDATION       ,40
40,KIDNAPPING ,69
40,LIQUOR LAW VIOLATION       ,241
40,MOTOR VEHICLE THEFT        ,3282
40,NARCOTICS  ,3416
40,NON-CRIMINAL       ,3
40,NON-CRIMINAL (SUBJECT SPECIFIED)   ,1
40,OBSCENITY  ,9
40,OFFENSE INVOLVING CHILDREN ,452
40,OTHER NARCOTIC VIOLATION   ,3
40,OTHER OFFENSE      ,5269
40,PROSTITUTION       ,210
40,PUBLIC PEACE VIOLATION     ,559
40,ROBBERY    ,2008
40,SEX OFFENSE        ,367
40,STALKING   ,55
40,THEFT      ,17563
40,WEAPONS VIOLATION  ,377
41,ARSON      ,66
41,ASSAULT    ,3286
41,BATTERY    ,8434
41,BURGLARY   ,2485
41,CONCEALED CARRY LICENSE VIOLATION  ,160
41,CRIM SEXUAL ASSAULT        ,146
41,CRIMINAL DAMAGE    ,9032
41,CRIMINAL SEXUAL ASSAULT    ,29
41,CRIMINAL TRESPASS  ,3985
41,DECEPTIVE PRACTICE ,6273
41,GAMBLING   ,15
41,HOMICIDE   ,14
41,HUMAN TRAFFICKING  ,1
41,INTERFERENCE WITH PUBLIC OFFICER   ,69
41,INTIMIDATION       ,41
41,KIDNAPPING ,89
41,LIQUOR LAW VIOLATION       ,72
41,MOTOR VEHICLE THEFT        ,2382
41,NARCOTICS  ,3099
41,NON - CRIMINAL     ,1
41,NON-CRIMINAL       ,23
41,OBSCENITY  ,9
41,OFFENSE INVOLVING CHILDREN ,343
41,OTHER NARCOTIC VIOLATION   ,1
41,OTHER OFFENSE      ,9730
41,PROSTITUTION       ,73
41,PUBLIC INDECENCY   ,1
41,PUBLIC PEACE VIOLATION     ,539
41,ROBBERY    ,410
41,SEX OFFENSE        ,325
41,STALKING   ,53
41,THEFT      ,20055
41,WEAPONS VIOLATION  ,248
42,ARSON      ,69
42,ASSAULT    ,10134
42,BATTERY    ,27523
42,BURGLARY   ,5308
42,CONCEALED CARRY LICENSE VIOLATION  ,20
42,CRIM SEXUAL ASSAULT        ,802
42,CRIMINAL DAMAGE    ,13645
42,CRIMINAL SEXUAL ASSAULT    ,251
42,CRIMINAL TRESPASS  ,10556
42,DECEPTIVE PRACTICE ,34774
42,GAMBLING   ,21
42,HOMICIDE   ,54
42,HUMAN TRAFFICKING  ,2
42,INTERFERENCE WITH PUBLIC OFFICER   ,426
42,INTIMIDATION       ,177
42,KIDNAPPING ,55
42,LIQUOR LAW VIOLATION       ,590
42,MOTOR VEHICLE THEFT        ,5130
42,NARCOTICS  ,4699
42,NON - CRIMINAL     ,1
42,NON-CRIMINAL       ,15
42,OBSCENITY  ,19
42,OFFENSE INVOLVING CHILDREN ,326
42,OTHER NARCOTIC VIOLATION   ,14
42,OTHER OFFENSE      ,10307
42,PROSTITUTION       ,3393
42,PUBLIC INDECENCY   ,27
42,PUBLIC PEACE VIOLATION     ,1770
42,RITUALISM  ,2
42,ROBBERY    ,6852
42,SEX OFFENSE        ,843
42,STALKING   ,171
42,THEFT      ,141772
42,WEAPONS VIOLATION  ,807
43,ARSON      ,48
43,ASSAULT    ,2435
43,BATTERY    ,8228
43,BURGLARY   ,5847
43,CONCEALED CARRY LICENSE VIOLATION  ,4
43,CRIM SEXUAL ASSAULT        ,271
43,CRIMINAL DAMAGE    ,10087
43,CRIMINAL SEXUAL ASSAULT    ,44
43,CRIMINAL TRESPASS  ,1876
43,DECEPTIVE PRACTICE ,6735
43,GAMBLING   ,12
43,HOMICIDE   ,13
43,HUMAN TRAFFICKING  ,1
43,INTERFERENCE WITH PUBLIC OFFICER   ,72
43,INTIMIDATION       ,22
43,KIDNAPPING ,48
43,LIQUOR LAW VIOLATION       ,346
43,MOTOR VEHICLE THEFT        ,3575
43,NARCOTICS  ,1283
43,NON-CRIMINAL       ,2
43,OBSCENITY  ,8
43,OFFENSE INVOLVING CHILDREN ,192
43,OTHER NARCOTIC VIOLATION   ,4
43,OTHER OFFENSE      ,3129
43,PROSTITUTION       ,235
43,PUBLIC INDECENCY   ,7
43,PUBLIC PEACE VIOLATION     ,327
43,ROBBERY    ,2844
43,SEX OFFENSE        ,389
43,STALKING   ,49
43,THEFT      ,37546
43,WEAPONS VIOLATION  ,174
44,ARSON      ,63
44,ASSAULT    ,3233
44,BATTERY    ,12122
44,BURGLARY   ,6344
44,CONCEALED CARRY LICENSE VIOLATION  ,6
44,CRIM SEXUAL ASSAULT        ,407
44,CRIMINAL DAMAGE    ,8907
44,CRIMINAL SEXUAL ASSAULT    ,87
44,CRIMINAL TRESPASS  ,2990
44,DECEPTIVE PRACTICE ,8049
44,GAMBLING   ,11
44,HOMICIDE   ,23
44,HUMAN TRAFFICKING  ,1
44,INTERFERENCE WITH PUBLIC OFFICER   ,132
44,INTIMIDATION       ,46
44,KIDNAPPING ,20
44,LIQUOR LAW VIOLATION       ,362
44,MOTOR VEHICLE THEFT        ,3309
44,NARCOTICS  ,2694
44,NON-CRIMINAL       ,13
44,OBSCENITY  ,8
44,OFFENSE INVOLVING CHILDREN ,155
44,OTHER NARCOTIC VIOLATION   ,14
44,OTHER OFFENSE      ,3969
44,PROSTITUTION       ,526
44,PUBLIC INDECENCY   ,7
44,PUBLIC PEACE VIOLATION     ,714
44,ROBBERY    ,3798
44,SEX OFFENSE        ,424
44,STALKING   ,60
44,THEFT      ,35905
44,WEAPONS VIOLATION  ,220
45,ARSON      ,111
45,ASSAULT    ,3941
45,BATTERY    ,10167
45,BURGLARY   ,4569
45,CONCEALED CARRY LICENSE VIOLATION  ,3
45,CRIM SEXUAL ASSAULT        ,206
45,CRIMINAL DAMAGE    ,10564
45,CRIMINAL SEXUAL ASSAULT    ,32
45,CRIMINAL TRESPASS  ,1539
45,DECEPTIVE PRACTICE ,4562
45,GAMBLING   ,55
45,HOMICIDE   ,38
45,HUMAN TRAFFICKING  ,3
45,INTERFERENCE WITH PUBLIC OFFICER   ,90
45,INTIMIDATION       ,63
45,KIDNAPPING ,96
45,LIQUOR LAW VIOLATION       ,210
45,MOTOR VEHICLE THEFT        ,3486
45,NARCOTICS  ,2983
45,NON - CRIMINAL     ,3
45,NON-CRIMINAL       ,3
45,OBSCENITY  ,13
45,OFFENSE INVOLVING CHILDREN ,604
45,OTHER NARCOTIC VIOLATION   ,2
45,OTHER OFFENSE      ,5998
45,PROSTITUTION       ,57
45,PUBLIC INDECENCY   ,2
45,PUBLIC PEACE VIOLATION     ,368
45,ROBBERY    ,1349
45,SEX OFFENSE        ,324
45,STALKING   ,57
45,THEFT      ,17730
45,WEAPONS VIOLATION  ,284
46,ARSON      ,66
46,ASSAULT    ,5609
46,BATTERY    ,15476
46,BURGLARY   ,3353
46,CONCEALED CARRY LICENSE VIOLATION  ,6
46,CRIM SEXUAL ASSAULT        ,431
46,CRIMINAL DAMAGE    ,7838
46,CRIMINAL SEXUAL ASSAULT    ,72
46,CRIMINAL TRESPASS  ,3395
46,DECEPTIVE PRACTICE ,6858
46,GAMBLING   ,63
46,HOMICIDE   ,78
46,INTERFERENCE WITH PUBLIC OFFICER   ,152
46,INTIMIDATION       ,43
46,KIDNAPPING ,41
46,LIQUOR LAW VIOLATION       ,197
46,MOTOR VEHICLE THEFT        ,2873
46,NARCOTICS  ,9587
46,NON-CRIMINAL       ,4
46,OBSCENITY  ,12
46,OFFENSE INVOLVING CHILDREN ,449
46,OTHER NARCOTIC VIOLATION   ,3
46,OTHER OFFENSE      ,5424
46,PROSTITUTION       ,747
46,PUBLIC INDECENCY   ,3
46,PUBLIC PEACE VIOLATION     ,734
46,ROBBERY    ,2735
46,SEX OFFENSE        ,669
46,STALKING   ,38
46,THEFT      ,23626
46,WEAPONS VIOLATION  ,493
47,ARSON      ,79
47,ASSAULT    ,2965
47,BATTERY    ,7457
47,BURGLARY   ,6317
47,CONCEALED CARRY LICENSE VIOLATION  ,2
47,CRIM SEXUAL ASSAULT        ,244
47,CRIMINAL DAMAGE    ,9574
47,CRIMINAL SEXUAL ASSAULT    ,46
47,CRIMINAL TRESPASS  ,1774
47,DECEPTIVE PRACTICE ,5193
47,GAMBLING   ,53
47,HOMICIDE   ,32
47,INTERFERENCE WITH PUBLIC OFFICER   ,77
47,INTIMIDATION       ,63
47,KIDNAPPING ,61
47,LIQUOR LAW VIOLATION       ,203
47,MOTOR VEHICLE THEFT        ,3240
47,NARCOTICS  ,2229
47,NON-CRIMINAL       ,4
47,OBSCENITY  ,9
47,OFFENSE INVOLVING CHILDREN ,343
47,OTHER NARCOTIC VIOLATION   ,3
47,OTHER OFFENSE      ,4359
47,PROSTITUTION       ,140
47,PUBLIC INDECENCY   ,5
47,PUBLIC PEACE VIOLATION     ,473
47,ROBBERY    ,1754
47,SEX OFFENSE        ,382
47,STALKING   ,63
47,THEFT      ,23339
47,WEAPONS VIOLATION  ,217
48,ARSON      ,60
48,ASSAULT    ,4136
48,BATTERY    ,11842
48,BURGLARY   ,3296
48,CONCEALED CARRY LICENSE VIOLATION  ,2
48,CRIM SEXUAL ASSAULT        ,315
48,CRIMINAL DAMAGE    ,6824
48,CRIMINAL SEXUAL ASSAULT    ,63
48,CRIMINAL TRESPASS  ,2345
48,DECEPTIVE PRACTICE ,4436
48,GAMBLING   ,76
48,HOMICIDE   ,59
48,INTERFERENCE WITH PUBLIC OFFICER   ,92
48,INTIMIDATION       ,37
48,KIDNAPPING ,31
48,LIQUOR LAW VIOLATION       ,174
48,MOTOR VEHICLE THEFT        ,2267
48,NARCOTICS  ,4203
48,NON-CRIMINAL       ,1
48,OBSCENITY  ,8
48,OFFENSE INVOLVING CHILDREN ,366
48,OTHER NARCOTIC VIOLATION   ,2
48,OTHER OFFENSE      ,4798
48,PROSTITUTION       ,230
48,PUBLIC INDECENCY   ,2
48,PUBLIC PEACE VIOLATION     ,591
48,ROBBERY    ,2443
48,SEX OFFENSE        ,362
48,STALKING   ,41
48,THEFT      ,18883
48,WEAPONS VIOLATION  ,301
49,ARSON      ,96
49,ASSAULT    ,5868
49,BATTERY    ,17894
49,BURGLARY   ,4816
49,CRIM SEXUAL ASSAULT        ,423
49,CRIMINAL DAMAGE    ,11612
49,CRIMINAL SEXUAL ASSAULT    ,94
49,CRIMINAL TRESPASS  ,3659
49,DECEPTIVE PRACTICE ,4404
49,GAMBLING   ,137
49,HOMICIDE   ,101
49,HUMAN TRAFFICKING  ,1
49,INTERFERENCE WITH PUBLIC OFFICER   ,259
49,INTIMIDATION       ,49
49,KIDNAPPING ,66
49,LIQUOR LAW VIOLATION       ,267
49,MOTOR VEHICLE THEFT        ,2845
49,NARCOTICS  ,8915
49,NON-CRIMINAL       ,3
49,OBSCENITY  ,13
49,OFFENSE INVOLVING CHILDREN ,688
49,OTHER NARCOTIC VIOLATION   ,3
49,OTHER OFFENSE      ,6664
49,PROSTITUTION       ,885
49,PUBLIC INDECENCY   ,3
49,PUBLIC PEACE VIOLATION     ,522
49,ROBBERY    ,3982
49,SEX OFFENSE        ,527
49,STALKING   ,61
49,THEFT      ,21293
49,WEAPONS VIOLATION  ,841
5,ARSON       ,174
5,ASSAULT     ,11634
5,BATTERY     ,32280
5,BURGLARY    ,11715
5,CONCEALED CARRY LICENSE VIOLATION   ,8
5,CRIM SEXUAL ASSAULT ,718
5,CRIMINAL DAMAGE     ,18993
5,CRIMINAL SEXUAL ASSAULT     ,123
5,CRIMINAL TRESPASS   ,4625
5,DECEPTIVE PRACTICE  ,6863
5,GAMBLING    ,396
5,HOMICIDE    ,307
5,HUMAN TRAFFICKING   ,3
5,INTERFERENCE WITH PUBLIC OFFICER    ,392
5,INTIMIDATION        ,104
5,KIDNAPPING  ,123
5,LIQUOR LAW VIOLATION        ,79
5,MOTOR VEHICLE THEFT ,7274
5,NARCOTICS   ,10914
5,NON - CRIMINAL      ,1
5,NON-CRIMINAL        ,4
5,OBSCENITY   ,16
5,OFFENSE INVOLVING CHILDREN  ,1372
5,OTHER NARCOTIC VIOLATION    ,1
5,OTHER OFFENSE       ,11655
5,PROSTITUTION        ,151
5,PUBLIC INDECENCY    ,3
5,PUBLIC PEACE VIOLATION      ,984
5,RITUALISM   ,1
5,ROBBERY     ,7717
5,SEX OFFENSE ,573
5,STALKING    ,116
5,THEFT       ,31456
5,WEAPONS VIOLATION   ,2047
50,ARSON      ,96
50,ASSAULT    ,3751
50,BATTERY    ,10748
50,BURGLARY   ,5269
50,CONCEALED CARRY LICENSE VIOLATION  ,4
50,CRIM SEXUAL ASSAULT        ,233
50,CRIMINAL DAMAGE    ,10387
50,CRIMINAL SEXUAL ASSAULT    ,31
50,CRIMINAL TRESPASS  ,1425
50,DECEPTIVE PRACTICE ,3851
50,GAMBLING   ,54
50,HOMICIDE   ,52
50,INTERFERENCE WITH PUBLIC OFFICER   ,118
50,INTIMIDATION       ,39
50,KIDNAPPING ,72
50,LIQUOR LAW VIOLATION       ,186
50,MOTOR VEHICLE THEFT        ,3398
50,NARCOTICS  ,3217
50,OBSCENITY  ,17
50,OFFENSE INVOLVING CHILDREN ,543
50,OTHER OFFENSE      ,4938
50,PROSTITUTION       ,134
50,PUBLIC INDECENCY   ,2
50,PUBLIC PEACE VIOLATION     ,322
50,ROBBERY    ,2260
50,SEX OFFENSE        ,310
50,STALKING   ,42
50,THEFT      ,17944
50,WEAPONS VIOLATION  ,409
6,ARSON       ,351
6,ASSAULT     ,16640
6,BATTERY     ,45922
6,BURGLARY    ,13392
6,CONCEALED CARRY LICENSE VIOLATION   ,39
6,CRIM SEXUAL ASSAULT ,958
6,CRIMINAL DAMAGE     ,25054
6,CRIMINAL SEXUAL ASSAULT     ,125
6,CRIMINAL TRESPASS   ,5858
6,DECEPTIVE PRACTICE  ,8766
6,GAMBLING    ,385
6,HOMICIDE    ,499
6,HUMAN TRAFFICKING   ,3
6,INTERFERENCE WITH PUBLIC OFFICER    ,771
6,INTIMIDATION        ,114
6,KIDNAPPING  ,262
6,LIQUOR LAW VIOLATION        ,198
6,MOTOR VEHICLE THEFT ,12161
6,NARCOTICS   ,19642
6,NON-CRIMINAL        ,1
6,OBSCENITY   ,11
6,OFFENSE INVOLVING CHILDREN  ,1841
6,OTHER NARCOTIC VIOLATION    ,1
6,OTHER OFFENSE       ,14438
6,PROSTITUTION        ,1077
6,PUBLIC INDECENCY    ,4
6,PUBLIC PEACE VIOLATION      ,1367
6,ROBBERY     ,12550
6,SEX OFFENSE ,699
6,STALKING    ,155
6,THEFT       ,37092
6,WEAPONS VIOLATION   ,4246
7,ARSON       ,281
7,ASSAULT     ,14813
7,BATTERY     ,41449
7,BURGLARY    ,12811
7,CONCEALED CARRY LICENSE VIOLATION   ,16
7,CRIM SEXUAL ASSAULT ,839
7,CRIMINAL DAMAGE     ,22056
7,CRIMINAL SEXUAL ASSAULT     ,115
7,CRIMINAL TRESPASS   ,4069
7,DECEPTIVE PRACTICE  ,5689
7,GAMBLING    ,320
7,HOMICIDE    ,396
7,HUMAN TRAFFICKING   ,3
7,INTERFERENCE WITH PUBLIC OFFICER    ,527
7,INTIMIDATION        ,122
7,KIDNAPPING  ,186
7,LIQUOR LAW VIOLATION        ,181
7,MOTOR VEHICLE THEFT ,7677
7,NARCOTICS   ,17211
7,OBSCENITY   ,16
7,OFFENSE INVOLVING CHILDREN  ,1932
7,OTHER NARCOTIC VIOLATION    ,3
7,OTHER OFFENSE       ,13754
7,PROSTITUTION        ,1188
7,PUBLIC INDECENCY    ,4
7,PUBLIC PEACE VIOLATION      ,1055
7,RITUALISM   ,1
7,ROBBERY     ,6981
7,SEX OFFENSE ,600
7,STALKING    ,107
7,THEFT       ,26397
7,WEAPONS VIOLATION   ,2929
8,ARSON       ,304
8,ASSAULT     ,14874
8,BATTERY     ,39560
8,BURGLARY    ,12816
8,CONCEALED CARRY LICENSE VIOLATION   ,21
8,CRIM SEXUAL ASSAULT ,861
8,CRIMINAL DAMAGE     ,22186
8,CRIMINAL SEXUAL ASSAULT     ,115
8,CRIMINAL TRESPASS   ,3865
8,DECEPTIVE PRACTICE  ,6809
8,GAMBLING    ,322
8,HOMICIDE    ,424
8,HUMAN TRAFFICKING   ,2
8,INTERFERENCE WITH PUBLIC OFFICER    ,466
8,INTIMIDATION        ,89
8,KIDNAPPING  ,194
8,LIQUOR LAW VIOLATION        ,187
8,MOTOR VEHICLE THEFT ,9841
8,NARCOTICS   ,14126
8,NON-CRIMINAL        ,1
8,OBSCENITY   ,17
8,OFFENSE INVOLVING CHILDREN  ,1697
8,OTHER OFFENSE       ,13419
8,PROSTITUTION        ,229
8,PUBLIC INDECENCY    ,5
8,PUBLIC PEACE VIOLATION      ,1282
8,RITUALISM   ,3
8,ROBBERY     ,8901
8,SEX OFFENSE ,554
8,STALKING    ,155
8,THEFT       ,30661
8,WEAPONS VIOLATION   ,3270
9,ARSON       ,359
9,ASSAULT     ,14892
9,BATTERY     ,39526
9,BURGLARY    ,10277
9,CONCEALED CARRY LICENSE VIOLATION   ,25
9,CRIM SEXUAL ASSAULT ,786
9,CRIMINAL DAMAGE     ,22199
9,CRIMINAL SEXUAL ASSAULT     ,92
9,CRIMINAL TRESPASS   ,4396
9,DECEPTIVE PRACTICE  ,5093
9,GAMBLING    ,304
9,HOMICIDE    ,451
9,HUMAN TRAFFICKING   ,3
9,INTERFERENCE WITH PUBLIC OFFICER    ,675
9,INTIMIDATION        ,139
9,KIDNAPPING  ,209
9,LIQUOR LAW VIOLATION        ,134
9,MOTOR VEHICLE THEFT ,7673
9,NARCOTICS   ,15303
9,NON - CRIMINAL      ,2
9,NON-CRIMINAL        ,2
9,NON-CRIMINAL (SUBJECT SPECIFIED)    ,1
9,OBSCENITY   ,18
9,OFFENSE INVOLVING CHILDREN  ,1824
9,OTHER NARCOTIC VIOLATION    ,2
9,OTHER OFFENSE       ,12603
9,PROSTITUTION        ,1871
9,PUBLIC INDECENCY    ,3
9,PUBLIC PEACE VIOLATION      ,932
9,RITUALISM   ,1
9,ROBBERY     ,6689
9,SEX OFFENSE ,607
9,STALKING    ,126
9,THEFT       ,24881
9,WEAPONS VIOLATION   ,3757
